user,userId,publicId,submissionUrl
"KirkusMaximus#1163","705830906891599912","0x2c11c88aefd3149cc57db67edea38d267b81e4d5f015d0acf7ce9fdde083e68a","https://discord.com/channels/754739461707006013/938531467716337714/963112882076282941"
"51bitquant#8078","426677217917927435","0x0f8ffa2a5ecbc4ddd2136d4cb758fa969d2448b921a0212808d1a2354c14114d","https://discord.com/channels/754739461707006013/938531467716337714/962539729348333568"
"visiere#1653","347053609768189952","0x1629d5985205d602433fb138babcd8020436fd7ddba61dfacb9048c481ab06a3","https://discord.com/channels/754739461707006013/938531467716337714/963058580796342302"
"aaaaaaaaaa#7020","398171218592661506","0x1b3ae896edc6dc69ef6a6ef9de07621badacddcda99ee8bc4ef1c4f6a6f38999","https://discord.com/channels/754739461707006013/938531467716337714/962999918920884234"
"James1111#3292","797121888190201866","0x25a637947bc0c4138f5507943a1634c92a661f1753a673a56bfcda5f5e5d398c","https://discord.com/channels/754739461707006013/938531467716337714/962994139010592838"
"Bankloos.eth#1457","767752041539174412","0x2d5af9e5cd14a16ebb01ea01c5ab34bb8f868d659a5cff18abea882d26ac16aa","https://discord.com/channels/754739461707006013/938531467716337714/959413080532590642"
"nacdelpicryl#3849","339566181633622017","0x21d1ec86d367243e5dcffe90983665025859fefe04d3a3987602d5f40fcbc5fa","https://discord.com/channels/754739461707006013/938531467716337714/962842372780216321"
"MOLOTOV#4125","151817521434066944","0x0e110a9c9951f7055a6b05ac7cc6fc36e05bd794525c20364ebb11bd23749f11","https://discord.com/channels/754739461707006013/938531467716337714/959241215293931561"
"rektmofo#4849","747000285590716536","0x2809d4605e939c82d88dd19bc4f0761ad27745abf9e3f26ef3ba3b167a5c86eb","https://discord.com/channels/754739461707006013/938531467716337714/962820487887597678"
"Aoki | Fans#7008","840132158614142986","0x16cd7642fd27e169101ab5003459084f650e7f60f0ef5965d876afbbdcb42ce5","https://discord.com/channels/754739461707006013/938531467716337714/959264913258340372"
"lyonzzzz#0761","818846184952299530","0x05e3fb3f0ebee36d64e2429504c400bafb17f3c94809a4ba3ffac03c2a2be76c","https://discord.com/channels/754739461707006013/938531467716337714/962771993772560504"
"dsigma_domega#2791","896500773532340275","0x2ede28264dfe39698c4f6379885c735ec1bf1e5bb9c29fee78941e8dda249d28","https://discord.com/channels/754739461707006013/938531467716337714/962769349414895707"
"ArtTT#3679","886043887481806928","0x0c993a9ee8c4eef5c2ead9d03ef0987bd01e456dea38858f85fce704e2ff636c","https://discord.com/channels/754739461707006013/938531467716337714/959205440963637298"
"Getmegone#2897","270140801726545939","0x237746ff21eaeb6041d5e10d44f3c1b24031d57e4d861eb780b78f33a0715b13","https://discord.com/channels/754739461707006013/938531467716337714/959330904080257045"
"shadrisch#8153","629226421079769089","0x28f646fcc476c0e10068b12bf790ed93bc181f6e44767c456eea84fe39610697","https://discord.com/channels/754739461707006013/938531467716337714/962722204771025026"
"Nate(œÉ, œÉ)#8238","394855351368941578","0x2330283d074c2b9e8483e0344802940a848c94772ed09c169af05f9c28af75d1","https://discord.com/channels/754739461707006013/938531467716337714/962699376575283270"
"Thor üê∂#1349","912168160248086590","0x220aa094b77204e75151737bc801201fe888a785c280b288d8dda0608ef39384","https://discord.com/channels/754739461707006013/938531467716337714/962647111025979443"
"louheyijiaÔºà‚àûÔºâ#7562","741182616979374183","0x230ff8087b929f157c669e0cf678702efeb8f522becfa2eefba6c7e9a201c696","https://discord.com/channels/754739461707006013/938531467716337714/959265127100731442"
"totojack#9079","820227444011040819","0x27946023874ad17b75b1d44d2dc37463beb71eef988cb97c2778f6f51cad7121","https://discord.com/channels/754739461707006013/938531467716337714/962566930865197096"
"hujiawei#7633","465109643715280896","0x30368a9d7f0e6dff1e0715b6899f1d2bd031257862dedb5d85598d1747c2beff","https://discord.com/channels/754739461707006013/938531467716337714/959270132599902278"
"nps#5780","812116901757059083","0x0e1997cf344982b020eb9898ed560d29f1acdd4fa338ec33c14a547664227ae4","https://discord.com/channels/754739461707006013/938531467716337714/962508839859675177"
"Hilde X#7640","401330850161098763","0x03ddc81279e9b65b3f4ff74fa06ed5b8b03c7e60ad8944147e70d3b4bbf9734a","https://discord.com/channels/754739461707006013/938531467716337714/962345516006514690"
"Nakamomo üëæ+#0165","544425766473957388","0x094c1ca2fd057018c6a86c9a76fd39d11b1aefd2ff40d3e196932649c4ebe44b","https://discord.com/channels/754739461707006013/938531467716337714/962335570468675664"
"ÊàòËÉú#7894","791929549163331594","0x24b1e9556111ddb8747938f13c2aa22ce9f664fe3a887321fee155003b7c5ea0","https://discord.com/channels/754739461707006013/938531467716337714/962333189630734337"
"Babes Papes#2824","560913764745216012","0x0b5fdc1b4c55e82e8b10fd1918f32e2f4edbcb06338f5d029b39d0b64892b519","https://discord.com/channels/754739461707006013/938531467716337714/962285573110894623"
"spadefish#7228","851890036605845534","0x2471a2f80aefa1f0849a79058c8f10d6b0b0bf741634698c913cab6ed9eddf78","https://discord.com/channels/754739461707006013/938531467716337714/962285190959476756"
"Pauls#9468","675285269452292097","0x12343f14ad20665485a06ee8fe9fc311e84ffc49c8224a6606152c5be5876f40","https://discord.com/channels/754739461707006013/938531467716337714/962284582990913536"
"VDM#7338","703519206603227167","0x119316083a75b68ecad0d7f446f21452be0423edcdfbc3f155227282c5ae1af1","https://discord.com/channels/754739461707006013/938531467716337714/962255656985952306"
"Cass#0300","752334594711224390","0x19c27e5a4c0d4b3edc65317abf8d671a8caf55270e3795082436d205b0e9c5b0","https://discord.com/channels/754739461707006013/938531467716337714/962200966667571230"
"Yakhi#4872","893800367983321159","0x2398be68f143e01997260cfa715c6f627f089978778184fb2f967568beb1a70b","https://discord.com/channels/754739461707006013/938531467716337714/962191365406593044"
"uh#2064","638493028952178738","0x1626ce4ccb834ff80d7cd5a2c336de3b4e41dae57423f0f27e54053368f14c6f","https://discord.com/channels/754739461707006013/938531467716337714/962187826970099732"
"whalehat#8667","830035449434996777","0x060d739257a44823e97b81fd9793945e26f4c9b0d479665f6cc4910ead87f27a","https://discord.com/channels/754739461707006013/938531467716337714/962139643728510986"
"lima999#6796","895344714897834005","0x1aab8f4bbcd68f8bf570ad9bd631ce88a3500d82f3c924eb38fc56b72b4e64f6","https://discord.com/channels/754739461707006013/938531467716337714/962112355049816104"
"austinabell#9012","583669853278175242","0x1fed2e978c2ebef5754c7456d67790842e45ed757126be75223258c6683c4715","https://discord.com/channels/754739461707006013/938531467716337714/962110040955834438"
"beler#7575","419924157501931531","0x268e049a68fd94720c7d41ca66a216bfe52162ada519f7de551480a2764319eb","https://discord.com/channels/754739461707006013/938531467716337714/959200307106164747"
"Âä†Ë∑Ø | Mr.z#6002","842624170147053578","0x2c2b1f07dcf7228c2cbf01af6fb65afdfb8ff48da7c9c873562687586e195d0e","https://discord.com/channels/754739461707006013/938531467716337714/959250673768222760"
"crypto jack#7593","836804434586632253","0x0726298370b03124d45be770f1a63657f163433df5612390242db22b41053f3f","https://discord.com/channels/754739461707006013/938531467716337714/960039537625677874"
"silent666#8303","521362143279448075","0x2c9b49fd6684759d194559bda7ac12de6f03c7515eaf44265a16700911764eb4","https://discord.com/channels/754739461707006013/938531467716337714/961489604261871626"
"Skylakie#2508","401648013208059905","0x1b61f459a76021506118224e86fc295374bca622b39ecbff8acb85ef9b61d094","https://discord.com/channels/754739461707006013/938531467716337714/961489589376286810"
"meicc#4984","891666981571395595","0x087dc29c327b0c870d477db08b11faedb3a4fc0d7f4b5569e8e4b67370ee04ec","https://discord.com/channels/754739461707006013/938531467716337714/959276005904760852"
"dogless#4165","752419882976673812","0x0bd16ad9dcd932d85e8c3d5842f390f86dde95f5baeccd56853651f22564fd14","https://discord.com/channels/754739461707006013/938531467716337714/959671219802734683"
"tuba#0002","659250067722731521","0x0dbfaaa5786ab9fc711fed77a2e08de4d611748082802e45bd93e95140843e10","https://discord.com/channels/754739461707006013/938531467716337714/961441238106652703"
"Butler And The Third Stringers#0440","599747385085919232","0x05cc6ec85f758364fbf235b298d43ccdf60f948d946a4359623c25a5b2796790","https://discord.com/channels/754739461707006013/938531467716337714/961431921232085052"
"Trip#9914","225742733761970176","0x06c38637e645e2c379278e36dfe0acee3a3200a5112738ad373b14bd41cf3c34","https://discord.com/channels/754739461707006013/938531467716337714/961415553157840937"
"motiondesign#7971","392898309187960834","0x19510d292cf52a4f49c9fc906d0b2637cfd3201df533f9e4d8ad13761751e004","https://discord.com/channels/754739461707006013/938531467716337714/961406260106911786"
"shrk#2280","458423083221516288","0x20e47da84d529d9ccbd8e7f598580499dfa9f6381afe1199faa4a2bd9c6c6bf5","https://discord.com/channels/754739461707006013/938531467716337714/961404247386251315"
"futongxue#1507","757005537207517285","0x02528fd468ee2927fe690d08afaaa4ebdcf4320ab1dba1e9ae208cdd5dc641f2","https://discord.com/channels/754739461707006013/938531467716337714/961388567383375892"
"JesusPerez (Crypto Plaza)#0299","605110729334587396","0x176c93a7ff44018c2a52fc6248ae1e4b065e2b56b582abe458773cf4d23c8086","https://discord.com/channels/754739461707006013/938531467716337714/959377459206291466"
"Inessa.eth#2642","915727230712307754","0x1d3a82f577398104c4adb84b4fddfc72cd8222c781791dc3dfd2f71594ac1f2b","https://discord.com/channels/754739461707006013/938531467716337714/960101671030108221"
"GC23997#6415","490992714687709196","0x25375a11609d098d9162d72c9943a979e16e6ca939f0d330608545457e696088","https://discord.com/channels/754739461707006013/938531467716337714/961347842046312479"
"1wildcat1 (üëæ,üëæ) | TOWER GUARD#9232","883162977929420820","0x2cbfc000eab9d4a8a1757df7bde388f4ceeab554964a862f35818d9afaf5162e","https://discord.com/channels/754739461707006013/938531467716337714/961279326152712192"
"0x_bear#3570","847342682778239017","0x23bc591589f6afff8c28d5c43793efd897fdbd942dcc227ac9d59c7d9db97c3a","https://discord.com/channels/754739461707006013/938531467716337714/961254647652294656"
"kicken#9353","750337162733682718","0x008f57600ad32eb03581c55030ded85b670ef7196bddf36d2f01fc0f7ed27197","https://discord.com/channels/754739461707006013/938531467716337714/961236769968373804"
"cylu#8210","405241194696671233","0x20a8a2ef6579b01248c5652a9566b624c34f8a47c75ab139aee57de2237c48a0","https://discord.com/channels/754739461707006013/938531467716337714/961202249357484062"
"tuna#6957","294794011871543296","0x1fa58e7f6989ba38ef4f8de0cc09fb90dccf86bc10ca4f69cfc9428ff9ab4098","https://discord.com/channels/754739461707006013/938531467716337714/959204611774898216"
"Idan Levin ¬¶ Collider#9258","777850838764617738","0x2e8ae2d4d0688bd8125dc1164d4a8c779852e5c9f1b0b93caf06842f7f2ef978","https://discord.com/channels/754739461707006013/938531467716337714/960957150891475064"
"ac1d#4616","361515458048032768","0x26066ddd1e2ee4265518956bf19824f9c04192f0d9850bc8ed238bfe45de208d","https://discord.com/channels/754739461707006013/938531467716337714/960837068353851402"
"knoshua#1755","707508825955237898","0x2fa377d8515b1ca02b714c6ded39dbc423f263e7d42224a178bd783b85a40ca2","https://discord.com/channels/754739461707006013/938531467716337714/960645919492153394"
"johnparsec#5399","908078274721251328","0x17a90594ab2eccdee132f3b1251f60fecd1cc082b6ce96a3d466d6ff7c9a477c","https://discord.com/channels/754739461707006013/938531467716337714/960628440128704653"
"berserk#8641","878364244746321921","0x24988d9113a2a7120a49c467a56cf793c812ab9aa50783e765ac58a9367c2c98","https://discord.com/channels/754739461707006013/938531467716337714/960630108975149126"
"henrikklausen#3356","908085634038628463","0x2dbf8ae6aa4cbaeed822f4a94963c52ff7f1763cdeaa3ea49f7fbbea6b4f8b5e","https://discord.com/channels/754739461707006013/938531467716337714/960629559886245990"
"karliboy#7553","907728410078502973","0x078bc8cbdb89c3261a2afb88b6f8a22ee304be14be32a5d346d47bf2ec59756d","https://discord.com/channels/754739461707006013/938531467716337714/960627176498163752"
"arra#6119","879758848917917788","0x057c3f733af87389905ea36657915c5eb6b6e31d624284252bb5e0000d5b8b68","https://discord.com/channels/754739461707006013/938531467716337714/960626027770548325"
"hansridd89#7049","907365833767026718","0x0771c5a683e605caec5db70343dcb19f5eb8196aff4f51275fe0e27d42bf67c0","https://discord.com/channels/754739461707006013/938531467716337714/960625337983717397"
"Guzman_MassAdoption#0820","532784645301993482","0x126cbb5201113674c942b07ba3e7c2ea7fc2c4905bf29589a8268f3e1a9b3f1f","https://discord.com/channels/754739461707006013/938531467716337714/960602601341206548"
"alberts#1136","669426388524072961","0x27f7ab35ba242c62ceaee01617474fd9ea7f2f2e552f0818138a17139e1bbc82","https://discord.com/channels/754739461707006013/938531467716337714/960592315997630577"
"_Nick#0010","400249730346778626","0x1c23888c4d03c6e25f64b880874d4637fd27492b00f95d274f178ff02c01861e","https://discord.com/channels/754739461707006013/938531467716337714/960483053111771196"
"TheFinanceGuy#2896","817810680505565205","0x02df16634d920a8c97cca92c7694b1cbaa3a70d403f32331a37aa3226ae3d546","https://discord.com/channels/754739461707006013/938531467716337714/960479661266194442"
"0xdeniz#8083","346991485868310528","0x062c9a2f2799ea4ead7407cf6c1c7044046c8aacb11c48ede3b3820916a667ee","https://discord.com/channels/754739461707006013/938531467716337714/960473700510089257"
"Cryptonight#6988","398467528269234198","0x1605950dc209429db504ec4ce85c763e1aad5b1c8d2a43b9e9af1abf47d9fa3d","https://discord.com/channels/754739461707006013/938531467716337714/960465130850754570"
"fly Rabbit|ModelNFT#3830","883544796352892959","0x10923efe7f093495d2b0250bcaff83b61f4898fd73391b26d650e1a7436e80ce","https://discord.com/channels/754739461707006013/938531467716337714/960418643466928189"
"Jaz#2240","818338764698943488","0x257e34f3501f478bdbe8004bf35f767b0dc6189961999a42834b8782e6585131","https://discord.com/channels/754739461707006013/938531467716337714/960422446496907295"
"Homer Shillson#2671","459662365517152266","0x084c3866c6f4e9012420311ec6bf6ba80f3138cfa7178d3d1f7155dcd4775002","https://discord.com/channels/754739461707006013/938531467716337714/960218268411518976"
"cryptonite#3363","508318786844098564","0x303f5fbe56f13676c6c4125f1d3802cdbf79165dcd676386bd6576bd99cd02b4","https://discord.com/channels/754739461707006013/938531467716337714/960171318903459852"
"Cryptoply_2023#3238","891613266063814726","0x25881ca6e300d419b72346fb4925ae824ee24e69533aed8e9985b042740b4399","https://discord.com/channels/754739461707006013/938531467716337714/960138872375889940"
"pr√©-vert#2327","743696042180214847","0x2785149af913ce6fda4dd7c1b16ff7504a73b5b9bcf92954e083930218015365","https://discord.com/channels/754739461707006013/938531467716337714/960082120276074546"
"way2wealth#5093","805502012674146315","0x1a120e3ac84dea81835b6f308dc4ddc43b56a5861ab3418da9409bfc6cd94183","https://discord.com/channels/754739461707006013/938531467716337714/960060796254171186"
"Lior#2514","415928275819298826","0x2cc449e14bffaa68bdd1fa01a5749ceb6684e1b2e047c7fcb18db938c6772351","https://discord.com/channels/754739461707006013/938531467716337714/960052492375306291"
"Monica#1226","412379653219680258","0x12dc6ce0ce8b0387c3d44c97f55ed67fe810a93f4921312211244490cc2a9d7e","https://discord.com/channels/754739461707006013/938531467716337714/959923982063239258"
"Jes#6069","592744866585509889","0x1d06cd9c39cee9b11dc6c28ecd39c3997c993d0e7c2066bea0c7cee036854ff6","https://discord.com/channels/754739461707006013/938531467716337714/959907406798798878"
"Malik#0799","472693471157682177","0x0cf96ac343d06f0f7de3eb9e58c86804412f03be644d522d2f10a3160ce66ebf","https://discord.com/channels/754739461707006013/938531467716337714/959737382029099039"
"veronika_sereda#6056","889432541122166784","0x24ad2b72df905639250ac2f0e6e1538d01f52f724bcfa298fcc335bbe38341d4","https://discord.com/channels/754739461707006013/938531467716337714/959733008783515668"
"Joanna(üê∂,üê∂)#5945","801640122612580352","0x0ef2d5147f13726e2148153fe713800608bdd27f9958113cd78d560294146038","https://discord.com/channels/754739461707006013/938531467716337714/959314463742390283"
"Blasco#9303","403085153175470082","0x0589094d6c08654d3d2b23d2f59c92fb92da4b1ecc2a5b776665434e2cede938","https://discord.com/channels/754739461707006013/938531467716337714/959641293506625537"
"NLoving#4565","881860443440836619","0x20cd22c4fa20d7181a4973f607a49765ac0e1eb0a456404d356e18c4544794a8","https://discord.com/channels/754739461707006013/938531467716337714/959632134325288960"
"you_ate_my_food#4494","391242707470909443","0x19a182ea6b432e86cf5e7a012897bcba8c0d2772c11b06c3857dfe0ec4ade983","https://discord.com/channels/754739461707006013/938531467716337714/959585522068627468"
"MoMoMo#1715","733925109387100243","0x2f9d161e02ec49ced7d9a3917cd8e1b9fc0c4484cffbe53b67ba093420d047aa","https://discord.com/channels/754739461707006013/938531467716337714/959577618921955329"
"Heimdall#1335","782672782457831454","0x1c16190e70b441f8c14644a293cd428b636d7303781d585d03077c8b97f5cf89","https://discord.com/channels/754739461707006013/938531467716337714/959571547536916560"
"Smaroo#9374","311869179940569090","0x1e4499286e3a1c4138aec4e3209302528eaf69e253f1f71a68f17d91576665b6","https://discord.com/channels/754739461707006013/938531467716337714/959565711158689822"
"jamestheory#2167","736709108757168211","0x17b43cd6be36aebc1a10f68c5f3458128c4bc9b0a60d8e9a23e997fd03d17408","https://discord.com/channels/754739461707006013/938531467716337714/959538001317363782"
"mkflow#7938","114678422789160964","0x1d2572b3966429928cd9f68494751a2da07dcfc2e246d62ab833d03662e18a35","https://discord.com/channels/754739461707006013/938531467716337714/959532407839678504"
"Datanaut#2778","509876466402459649","0x2d800bd2ad9e0dac8eb220dab18f14a5c77dd58e8597c5176f6021fb5ace677a","https://discord.com/channels/754739461707006013/938531467716337714/959516001601482813"
"Cryptowood#2763","814379888286105630","0x2c484a14a6d448018168a89370a830fb7b96b5598a842d857301e917af7be701","https://discord.com/channels/754739461707006013/938531467716337714/959515959218016268"
"Joey | Tribe (1+1=3)#1111","533350294059352074","0x23a2423ebc46056cffcff06a930ef4cd1a8637aef40103877d8878ba283826cf","https://discord.com/channels/754739461707006013/938531467716337714/959499298834370570"
"Bing#1545","454432596110082048","0x27231a11b42a9c1bca98edc00cbf6a06f71e7649bc7bdc53155132344f632e32","https://discord.com/channels/754739461707006013/938531467716337714/959488738705149962"
"Mayo89#7634","186598447531556864","0x147c0061fc7a365216839028f21bf50a90f70302ab4f7717523caa2d3757c08a","https://discord.com/channels/754739461707006013/938531467716337714/959481549424836618"
"xiao#6810","750070455561617558","0x238928013834a67e7adada94bf8ed37f34a6e3772f1ed435b2415fdefdaf5340","https://discord.com/channels/754739461707006013/938531467716337714/959474447323103325"
"harshjain#0499","432650085713707010","0x10c37cbab8492cb3f435c0be1d3ac5c3467753bccc19b79f2e2de9c8928a4b64","https://discord.com/channels/754739461707006013/938531467716337714/959467741855764541"
"naomicui#9625","845674407262683199","0x17396e3fbf4530ae3abd66125c45a52b607887e14ac98198bde51c016f030fc9","https://discord.com/channels/754739461707006013/938531467716337714/959467090748792842"
"sonicxros.eth#2661","671550137537134608","0x11a63ca3da7bc81f3d0df84ccef9296b3079eb7b852f188632a0b0441fb369e7","https://discord.com/channels/754739461707006013/938531467716337714/959466405034598420"
"itsdanwu#0014","894044020777574440","0x22b0b7c757234e96f521eb7fd001d9b1c1c047844be527a4bea276aaa511e99a","https://discord.com/channels/754739461707006013/938531467716337714/959457076785082389"
"Pedro¬™#7624","402498343584006154","0x0e8e52b6e89d83f2ad7433d7b6597296356e0cdc858f141fe0e446833d3a040c","https://discord.com/channels/754739461707006013/938531467716337714/959450269375139900"
"C-Ray (‚àû)#8539","821733789272113172","0x0bbb1070d9d83fe4ee185513abff59ecd7b4f2473cd498fc5fa0ec01e9de5b36","https://discord.com/channels/754739461707006013/938531467716337714/959447224448860202"
"snek#4626","812100313334153226","0x26dbc32dccaab31a2d5292b7b15f9c24170674af9aa35a23beb1ef6007e6d74d","https://discord.com/channels/754739461707006013/938531467716337714/959444893254697010"
"ChrisM#2252","335473573105762306","0x09d9e3f67f6a2ce37bc2b9415ebf5e2f85b546ba16d4722e705e6dbb94f78984","https://discord.com/channels/754739461707006013/938531467716337714/959429082033057822"
"Rayson#6284","847478213135564810","0x268a0602a8135f37e493a407b21794e7d0dac536db53d3271c4631e1c449f77c","https://discord.com/channels/754739461707006013/938531467716337714/959426013413146654"
"sunny1188#9223","901106110772174921","0x1872392f5b57da465b787eb44c1a59d61e4640965e6f00cdc19c4afc6e0f2e54","https://discord.com/channels/754739461707006013/938531467716337714/959419548296171552"
"luckyrubyus#6799","822904205513457735","0x032fc7db58b5eb9914030c366e98863d0465409349da7586f64f867209e8b0fb","https://discord.com/channels/754739461707006013/938531467716337714/959414775538937856"
"Jack Sparrow#3975","823951658710073364","0x1be393e7565392f4632ed909a884b4517667a003abfee88b6f8598967fbf5b45","https://discord.com/channels/754739461707006013/938531467716337714/959412562942898236"
"dadavanci#1083","836954837966520330","0x016b70871b712e44fb44d555bcb60786fd727ed611097dace4babe3b5bda50d5","https://discord.com/channels/754739461707006013/938531467716337714/959409837257678879"
"m0xt#0024","673047776174538752","0x14270e5f77a56c0e695101648723cf0142c69861970b04630a2b9d51fd8463e5","https://discord.com/channels/754739461707006013/938531467716337714/959407373343141909"
"Cexfry#0001","542017624931041280","0x10b678c8fe16b696c362685ce8b483917c7cd3f60da927ba76bed9bbebb27fdf","https://discord.com/channels/754739461707006013/938531467716337714/959401393058381826"
"Serg#8618","659596135580696586","0x27d365a402cb697f299857251101b301abc634333c93bd660856a86b9a4f93cc","https://discord.com/channels/754739461707006013/938531467716337714/959334132981325824"
"berus#4408","303876225867186179","0x139e02fc2e6d26dc02de80c7471f34f8216ab54c62c695e92e725e8abdf615b5","https://discord.com/channels/754739461707006013/938531467716337714/959200502254555207"
"Marri11#3597","440044820237647873","0x0a9d48908d838f448fc318ea5a13642cc4e25d0d0767ffaead10181300e89e10","https://discord.com/channels/754739461707006013/938531467716337714/959382496229859328"
"ckarabeyoglu#2425","323949163291082763","0x1008c3444d5706d9f7dec5318342677ff0b5b38ef9bf678991d026e574c9b607","https://discord.com/channels/754739461707006013/938531467716337714/959377089566502952"
"zlok#2172","846603561311666218","0x23cd75698aa917cba4b5559e477607014887fe6b481e99b2b3b793ac435c657d","https://discord.com/channels/754739461707006013/938531467716337714/959375903392165928"
"0xRob#8224","839970301890658354","0x040b54b853ee7fa512344ed49c692355946a943293252dc176d73b5162788c28","https://discord.com/channels/754739461707006013/938531467716337714/959373245457498142"
"Tom French#3331","196722506676174848","0x0455dd952ccb3341130870d383c9da17970df9edd6ea7975ee1d77c59803fa12","https://discord.com/channels/754739461707006013/938531467716337714/959371837610025041"
"rvdeeb#3851","812713809520623668","0x0164d2db5fc7fc78bd659076f18d9aa76edfedd1cc0c2e180bab45df54f8ecd7","https://discord.com/channels/754739461707006013/938531467716337714/959369959128068136"
"Synoptic#1498","821488249729843241","0x0151cdd78f831ec9bce48a2f414da04299d866d90261327ff13109b5879faa44","https://discord.com/channels/754739461707006013/938531467716337714/959366560156385401"
"Neas#9714","341108664540594178","0x102885a58dd18b244885076f8190046e4f9494569a035467cc2f971aa65de89c","https://discord.com/channels/754739461707006013/938531467716337714/959363423257370624"
"Alex_Y#8436","472510651030306826","0x2ca881d364c7259251d8e8ef924819032bdfbe04760e8314c312ab675a05e4bc","https://discord.com/channels/754739461707006013/938531467716337714/959354297420742666"
"Mr. Leon#6988","299443449873039370","0x0cdd6273ce39d9cbfe6c23ff495237e8a93bd06a4db72d95e9ab636866d507c8","https://discord.com/channels/754739461707006013/938531467716337714/959353755504115802"
"berne#3565","908243298525782016","0x22f0b0cae70de402ca1ff9c7f606f04a9235b1dbc4776308d22ec52cea620c32","https://discord.com/channels/754739461707006013/938531467716337714/959351302314405948"
"coolboy#1051","803634165471510548","0x2a6cd281e7837fdf98143b6f6f35437012382be779fa578a891b6a34d9a3274e","https://discord.com/channels/754739461707006013/938531467716337714/959348362816139264"
"waiwai#2927","819107119621603328","0x153f6fb94e148925d07c9742029973b3ea9d764bce5a3bee5e6eb6294e5e5c38","https://discord.com/channels/754739461707006013/938531467716337714/959347517869412413"
"keming#3608","788023316845559828","0x1df5f9962c193d76058430cf68383f2dc27ffc1ab35d71d72b5a40091708a125","https://discord.com/channels/754739461707006013/938531467716337714/959340436374294588"
"georgi#3430","335845844555399168","0x195c7001223bab369a61bc312e9287c2cf4c9c730cb11347437c7f38b162ec23","https://discord.com/channels/754739461707006013/938531467716337714/959340145121853531"
"nftking#2401","822836772492804136","0x2966f556988dc1f3913c81ded66078fd9cc63b105551edc25760887f9d2e14be","https://discord.com/channels/754739461707006013/938531467716337714/959335359978831922"
"MistyMountainHigh#0384","376165209221365780","0x00b591a0f244368492f708d955ef2ac74ab34d8199e8cc8c2236951daa622273","https://discord.com/channels/754739461707006013/938531467716337714/959337937777070090"
"Qingning#9184","392376478723080203","0x2152b7679c6a9dcdedc5c5d9402274cf7cc74b321c8492e9bf6d838ff73acc88","https://discord.com/channels/754739461707006013/938531467716337714/959331645884866592"
"WA#4337","365553747348291586","0x2c22024d275b9930cff64b9a9564c64430332fef3f3a7cf304e6cc5bacc5a83e","https://discord.com/channels/754739461707006013/938531467716337714/959330147763367986"
"ilgiz#6411","399461038128496642","0x153ebd11c9ec75f2824fa1b3de4dc42eaa505550bf1761103ffaeaa2feb75263","https://discord.com/channels/754739461707006013/938531467716337714/959323208773951508"
"hajian#0878","821187190817947648","0x223cfcaa6248ba226032a0a8d32084354b84bd2aab685804bf3602c44f881b4d","https://discord.com/channels/754739461707006013/938531467716337714/959322813766975528"
"Chow#2181","830018135943675904","0x254826d83776697d9f7ca0daca280129ab56877b1bc0e0483e5f969cee45626b","https://discord.com/channels/754739461707006013/938531467716337714/959319217830776842"
"xxxx004#2173","826647092621082635","0x2a679afb87f53cd85d11b32539f9b8b4e7ff72a8271401419cb86821d945784f","https://discord.com/channels/754739461707006013/938531467716337714/959316100896653332"
"fyray#0616","889861011740450826","0x1850db50987854f820d71fedbff1803ac41f0a28c75eb3d9b9763b554e73f6a3","https://discord.com/channels/754739461707006013/938531467716337714/959310213729620008"
"Salamanca#7861","728726433933033523","0x1fe95cade51fea5f20b1483e1a37bf17c31b50a843eb2149f52fe9193c9c976d","https://discord.com/channels/754739461707006013/938531467716337714/959303761619210251"
"Doomjak#3211","879586033229000724","0x13d7072c53aa289b2eb15ba9349fd9c1508194d1a37b31fdd39d3e63802d36c4","https://discord.com/channels/754739461707006013/938531467716337714/959303408102305793"
"lcj1988#8552","838297492697251880","0x0d1f93e6ffa9a62cdea0cb6735a8c1e8bdb8a9ab951df61b3dee69367007c7af","https://discord.com/channels/754739461707006013/938531467716337714/959298797551357983"
"vva#2123","388907635220545556","0x237f148b7b2d974f598bcd6b892fd1fdf8d877ac1453698df7a6598acab3a11a","https://discord.com/channels/754739461707006013/938531467716337714/959294575166488589"
"Demola#8644","382953121846132737","0x171278194c6de0e738c001998344556a42a7dad8047751910d611ff237501922","https://discord.com/channels/754739461707006013/938531467716337714/959291824621629480"
"Todd#0010","803147787725176862","0x18a404ba511afccc970e85c141f09044d0b3c3264adb65ecce75e685200a509b","https://discord.com/channels/754739461707006013/938531467716337714/959291727888396398"
"Yangdao1#5618","289719124844740618","0x161e6814fd67ecf2b929699fc50a3c73fb5add5b655e4c4ca325bb88428faf80","https://discord.com/channels/754739461707006013/938531467716337714/959290679417253939"
"Hyunsoo#6205","362040355559964672","0x07ebd0a162dfcb955eaf65038d3be3e322bb8ef3914cf39ea31eb6ae61d9b13b","https://discord.com/channels/754739461707006013/938531467716337714/959288570827378689"
"Fenglei#0452","881943627612442654","0x180e20e0911f122225554ad3bee419a6b50464d7caa4dc3c5243ee0e80a3534e","https://discord.com/channels/754739461707006013/938531467716337714/959237508712005652"
"AirWalker#2137","823908730725990481","0x1fb8925f2569f8ef0409676d91c2202a3036f9dbe4ecf0cd0a4dc7ad70b73b2d","https://discord.com/channels/754739461707006013/938531467716337714/959286930808377414"
"MarkCryptoÔΩúWon't DM You#5798","741230679643389952","0x03b867525bfad080b224127e9f5f40b4bb6f832a08e9a9afa75dfc49373759dd","https://discord.com/channels/754739461707006013/938531467716337714/959286389189537792"
"0xbitsun#3348","888796480880664597","0x0d731460460972998c788ee9dc05f301ddad11baa60596d7c58e2ddc853a270a","https://discord.com/channels/754739461707006013/938531467716337714/959285496473858050"
"Emilio#3772","750014285194985572","0x2e195a25122dff637834f941b2721936b00b3d54af931ad6c7f1b9db203f5622","https://discord.com/channels/754739461707006013/938531467716337714/959285236158574612"
"qweasd5566#7966","856929128644477018","0x06a8b833809d36355e6ddb0d2f135c647e50fa06cb7dbc4d387917336d6a4202","https://discord.com/channels/754739461707006013/938531467716337714/959277418626052186"
"nevergetup#5049","852223392937410600","0x0254205121bf8e3889da86ad6f1775a592ee513f80eec368783c1e26c0a90bda","https://discord.com/channels/754739461707006013/938531467716337714/959282837050245150"
"Ptrck#8857","719268358096158800","0x114bdd048df1dbc0625cba72952a75adfef4e33b49aaa6ac9e6c40a6302995b4","https://discord.com/channels/754739461707006013/938531467716337714/959282753273217135"
"LTC.sol#5558","794486053955960863","0x148d899d88df6feb3dfd09bf8aec21f929a00671d1db3f695d9eb871846f726f","https://discord.com/channels/754739461707006013/938531467716337714/959281155054641153"
"zhaxzhax#5922","716651513673416774","0x2ea328424d72e20a9c956b58434d47ce2ee1e5d82086045243a2466d065940a9","https://discord.com/channels/754739461707006013/938531467716337714/959277865235537940"
"james007#2550","399565047569055744","0x2a06349c7e9e249ef049f86b707330d0f0d6963cb51406640fc4732b73fa0338","https://discord.com/channels/754739461707006013/938531467716337714/959276884150091816"
"Toony#9310","793725146011533313","0x211217504e1a15a1c5311ef71b0c955cfd49ec2a7aa0869eeacf18380aaaaa25","https://discord.com/channels/754739461707006013/938531467716337714/959268301668761611"
"Azathoth.eth#7405","884797721620406352","0x17f0c3b58dcb8bbd59cb38fa12a8a8f969cdb40c17e15b9378f4e9353cd4f611","https://discord.com/channels/754739461707006013/938531467716337714/959271847176831027"
"wug87039#7413","474385723479293952","0x021ddb53f465983f791baa9b700063d9d242cac22ae76aa568c1230404ee3d2f","https://discord.com/channels/754739461707006013/938531467716337714/959271556956172328"
"[redacted]#0458","838358085172461628","0x2519a62e626d65d126242b94348ca7795fcb83ff90dae59fa413bf3b06dd4fe2","https://discord.com/channels/754739461707006013/938531467716337714/959270493565886534"
"Cromad#7892","820583944134197248","0x2d34b7fe245ecd1d4439178747b546168d74f78863c29dccdf2523f0f4bbaad0","https://discord.com/channels/754739461707006013/938531467716337714/959268781606174770"
"aibobaby.eth#3774","759356941800964136","0x201706135e5186933e6d49f48d36a4fbaa1f47727aec890a34ed1b024b5f3a97","https://discord.com/channels/754739461707006013/938531467716337714/959265780556509286"
"tantalum#0845","845322315951505438","0x1bef515c54e559b411e5f7cabf8c0c6bc568b7dfc601c0c81dfef6979b5e4571","https://discord.com/channels/754739461707006013/938531467716337714/959264859227316254"
"fei#2817","808672825585172531","0x27cb9713127d2396f7acc6694b34b0bf83850719dd4b53a8403776e66da0a3de","https://discord.com/channels/754739461707006013/938531467716337714/959261699611951156"
"StormG#9999","435691184417931274","0x041b160f3e97bdd4c66947df738e91994b89ec8ac1a75976ce794fcb61789ca1","https://discord.com/channels/754739461707006013/938531467716337714/959261565973041202"
"ted#5473","438634246718881804","0x1b97582a4f5f9c3eccb341994d0d8a5c9c1c94c0be089dbbd76d1838fb21624c","https://discord.com/channels/754739461707006013/938531467716337714/959259616053698640"
"jiraiya#5571","358879913736142849","0x296b60fa225724530008c01ab0a4cff6bf72a0459a69fb475887971613516c0a","https://discord.com/channels/754739461707006013/938531467716337714/959258990653636608"
"kimicheng#6387","814376384297959483","0x2d7eea68406835aa2b85fdf80ab4dc91044030bb1b15aac2690dcf7ae8ea8b95","https://discord.com/channels/754739461707006013/938531467716337714/959255858074750987"
"FundsAreStuck#0117","768206360726339584","0x283ce1ce67594ffc2081b3b31bb80a6e89d7e1b535513e7e21cec6960143c524","https://discord.com/channels/754739461707006013/938531467716337714/959255702789046272"
"0xBirds.txt#5827","695247429485985852","0x23a14acdd4eeb3eae396ef47dcb4cff09850d0166e6d87a0ecf895eac6d3f23c","https://discord.com/channels/754739461707006013/938531467716337714/959255686972334080"
"xiaona#7161","724998100137279640","0x291a816d2920f7f60be88865d465db6f9f589865d3c349762554db4e17066077","https://discord.com/channels/754739461707006013/938531467716337714/959254010299297842"
"AlexGG#1459","827582740865482813","0x1d2bc87e890f854148752ca685feabfdde7acf9d09e2506a1ccb7cf4d4ce6b49","https://discord.com/channels/754739461707006013/938531467716337714/959254000383971430"
"Arca Ape#2384","537505488972021779","0x2529b7861b754c234a1573d10f9092f2b671c44021802b10d0b64ca6fb832372","https://discord.com/channels/754739461707006013/938531467716337714/959212535314272266"
"vaevictus#9751","849264185241894954","0x16a7f8533698adbae77222dc9cb8bd4af745da6a1ec18b43fdda0e5e843db981","https://discord.com/channels/754739461707006013/938531467716337714/959252676485455932"
"John Snow#0136","382735310662008842","0x26393229d5e5dc70913de617cf472f339d19570334f4d4760637da694c7da83c","https://discord.com/channels/754739461707006013/938531467716337714/959251673627369482"
"luckquan(œÉ, œÉ)#1924","886771497941741639","0x1abb093b4ef01fb3762bff1322b4552e99383037e46c9654e81fbb09fb8c5ffc","https://discord.com/channels/754739461707006013/938531467716337714/959250767699664957"
"dmishki#9576","808134116289413150","0x0ff02c3f1021bfcf7a51a8edc5e06b06a7700b53f28ed85ebb265bb06fcf9689","https://discord.com/channels/754739461707006013/938531467716337714/959250114990444574"
"mosheng#6666","828891376631676930","0x1283d0bb5a4e658ca6b101e17afb9cf863cb84050e6a86a34275381f33885476","https://discord.com/channels/754739461707006013/938531467716337714/959247269490720768"
"Jack Kerouac#0922","879395006014718002","0x0c7af595f1ebb033aede363fbc695b1eeb72e28239216c3d74a00e8bbe807b2b","https://discord.com/channels/754739461707006013/938531467716337714/959244697086345226"
"dng#6346","210333408373506049","0x095d8ebf29ad79a1ec8de00599817c79e813ae25b188a50e92e8293fa1739a65","https://discord.com/channels/754739461707006013/938531467716337714/959242873327464508"
"mrbluesg#3594","791162351436562452","0x0562f83d9e37df75814f418361d35ff869079a4f97a097721b43b03a683193a6","https://discord.com/channels/754739461707006013/938531467716337714/959242746105847818"
"jornn#8307","622426024876965909","0x16eb609d4b4ad8bb7cf096b23c8eb42795948a038bf65575fbca94be5075c973","https://discord.com/channels/754739461707006013/938531467716337714/959240760216158319"
"Jackey#3156","827726940639068161","0x2858cd17cb3edead75e793fef7f455de6e5cf05f32fdd19a7a670c23a2196408","https://discord.com/channels/754739461707006013/938531467716337714/959232178707922944"
"freshprince1#3634","818203357726375976","0x2218ed1a0922728ee8aa13ab711dcc58daadddcf54dd3d51e294f270cc1a1471","https://discord.com/channels/754739461707006013/938531467716337714/959239824240439376"
"top#4069","393775289869533186","0x24eb034ddd265b3b7c4479b1cf4e9f23d35365bc4e6f4a53f99aae6db0e416d0","https://discord.com/channels/754739461707006013/938531467716337714/959239594086383647"
"nexus#4067","707994415360376853","0x2cf930a84b0bdf0998ae433805afdcf78697ba8b04189734d3f0466b34cf8d0a","https://discord.com/channels/754739461707006013/938531467716337714/959237074412798003"
"chrononaut.eth#5486","403201086779031553","0x0c6330ed5505e5e3f097c0355cbcb146f9c4be2d8f1041788adfaece1ec6421b","https://discord.com/channels/754739461707006013/938531467716337714/959236539441872906"
"wuyan#4816","830849992851193877","0x1f54a0a5b62d2df5b0c7ef96fca07e31d46673ca4b7e99b637d16a9cddd84736","https://discord.com/channels/754739461707006013/938531467716337714/959236478263783505"
"Yi Jin#3280","860384838472433664","0x1cbba339ce76f2e6941a21b773dee3b1c56f55207191aa1e9ae23811820c8b12","https://discord.com/channels/754739461707006013/938531467716337714/959233336180617307"
"MacnBTC#8263","709799287503978717","0x05678c7b46fff042a8d8578bc53bf142c594b0f12b0bd62e34408cdb809d43dd","https://discord.com/channels/754739461707006013/938531467716337714/959233487074902066"
"Mattias#6556","222897136981901312","0x09139b8946cc459161dd4a15d1ca9910440dbeb9ef6dec4866eae987640ad744","https://discord.com/channels/754739461707006013/938531467716337714/959232898081382430"
"voyta.eth#7688","395529262905688064","0x02112e11c095d89f4476bbe93723a2f021be609b1e55af107fb01a61faafdbb6","https://discord.com/channels/754739461707006013/938531467716337714/959228211940712509"
"skymark#6452","895110410229923870","0x07333f6a78bbe24c9ce1807078b01bceb73415301ada96bcb1aca1d38c0911fe","https://discord.com/channels/754739461707006013/938531467716337714/959227572787511306"
"timothea#3672","199128734681399296","0x0558527841016f7860db77272f10f1f07f76dcbc8d9faff42a56f4b896e4717a","https://discord.com/channels/754739461707006013/938531467716337714/959226849995657287"
"xiaom.eth#3688","888251460943495218","0x257d569ea432e24bcc31200ef13431642c2e7f6c2d589ed1c36d88344914cfaa","https://discord.com/channels/754739461707006013/938531467716337714/959226166852612141"
"anyongg#5909","825370675329630209","0x0d38164a323de175b3cbb6d040e689a61b67f1aeda6574430c2f6a5b1345461b","https://discord.com/channels/754739461707006013/938531467716337714/959222517476769862"
"Exito#2134","760969548412616714","0x1dbb9df73956c899c97f97b13b24159aea7655d5e74b1aae03171c3b4e76af64","https://discord.com/channels/754739461707006013/938531467716337714/959224814822895666"
"MAXIM#7144","345565467177648138","0x043e2a18edf23db3a0f1ddbea97bed09262c5d034b67c24f81572191971c84e3","https://discord.com/channels/754739461707006013/938531467716337714/959224379378651256"
"BasedPotato#6969","795413778261868544","0x30032057bbba4ec486de604a0fca73bf390fef683de5cb93a2d47b7d07ad2cd1","https://discord.com/channels/754739461707006013/938531467716337714/959222083433414658"
"adamnk.eth#3789","757498097575133234","0x0b51c6cdb148b91fa5bf1955abb2947af0567468bb434654b7c9616727d4b94c","https://discord.com/channels/754739461707006013/938531467716337714/959221713701310534"
"steamboat#7827","531703210835050496","0x0028c22383ae9a03b671a876602c2f2b3dc3fb935d5a1adc18a04033028ca978","https://discord.com/channels/754739461707006013/938531467716337714/959221425804292126"
"Madman#4372","394984869832425473","0x199c98c2e78e0a3993602c4f2a38637e23fa32c39052a1cd75bd6f229ecf5db8","https://discord.com/channels/754739461707006013/938531467716337714/959218945980764211"
"DetoxJuice#7642","361850248328642560","0x1a9110df3446d8c9e116b2c90db6baba02a696496e27971122f0ab5ded24bf3c","https://discord.com/channels/754739461707006013/938531467716337714/959217267021860934"
"MazyGio#2890","415317523395772427","0x1c75e8cdc24aa0d4fbbb5f6e9f05a92b556f142eb2cb7aa3026e65a0b76bee86","https://discord.com/channels/754739461707006013/938531467716337714/959215894930812978"
"razgraf#4085","396832921073221644","0x162d9953770dec6358fa697f2c46b1e12e58a0a60edd00a4aa2b1868bd40fb4b","https://discord.com/channels/754739461707006013/938531467716337714/959214692830695445"
"Kaalvoet#7515","324602452693221377","0x2579e76ed85bc3e843c221509f198479d333c825d1362d9e6f3ba5424f2795ce","https://discord.com/channels/754739461707006013/938531467716337714/959211610617036861"
"Justin#5988","393113515902107648","0x013a4eec690076fdfe6428c0d2eb9cba015d1332de96ed60e3d21e02cc8d0dd7","https://discord.com/channels/754739461707006013/938531467716337714/959210403982876732"
"GregTheGreek#9238","322222239850168331","0x01d7a0840f9f82f58311b9149ea0cbeaa1e03217e0711dadaac72199e7c582c4","https://discord.com/channels/754739461707006013/938531467716337714/959209976826589244"
"ETH Flenders#0457","544577661981163532","0x2b8d0f1bfbfca6ff9b8924893c60c9023974609eb45cdc3c5b1e878e76bd483e","https://discord.com/channels/754739461707006013/938531467716337714/959208805617512509"
"n00b_SaUce#3760","809511862637953074","0x181d9e3876bf70dafb2e466a2a26264208d35351a2bad5d7b39d840d9aaa2b54","https://discord.com/channels/754739461707006013/938531467716337714/959207937346256936"
"New Order#7238","754974044733833257","0x2a3ca088a34a4343a38c3cd71288c19ed6b54dbef2b0b4e52ec6d234fdfd3b28","https://discord.com/channels/754739461707006013/938531467716337714/959206791625973831"
"Nick | UMA#3715","458394293120401419","0x28171d89ad85dc04011df28b64dd6d09b17c922093b1500e2a41afec926b9b50","https://discord.com/channels/754739461707006013/938531467716337714/959200334872473600"
"cadozilla#1769","546063915549851659","0x2887c649ded7b052e9ef5a1567cc60647f6ec6fcc1e5a00ded8502b3627cc3fd","https://discord.com/channels/754739461707006013/938531467716337714/959200521795805194"
"Vincagame#6490","401391144786722817","0x13fc6a892d026896b645691d4d7bbce66c5a9abad5215564131ae41e052cab4d","https://discord.com/channels/754739461707006013/938531467716337714/959203743642042388"
"ivangbi üëæ#4318","226784226257797120","0x13d26d1e938b5ab263cf893dafb500479f8f53f3a775a880c997d0266c97c710","https://discord.com/channels/754739461707006013/938531467716337714/959203614239375370"
"doge_bull#2520","752225138099093515","0x25bc1b6c23f8f83476dcd2327ac97542156663c50875decb5966a312147090b7","https://discord.com/channels/754739461707006013/938531467716337714/959203508308021319"
"doger#9213","776621646235959359","0x20b20d71403ee2bd364edae2f95475c08795e04ed43eadd54cecbf5e2df6181e","https://discord.com/channels/754739461707006013/938531467716337714/959203014806241290"
"0xBEW | Yunt Capital#9379","583755785402843136","0x0b1bee1ebbc991ae1138060d30e5387fe161cc5c0ab0bf07a8d69716014f99cc","https://discord.com/channels/754739461707006013/938531467716337714/959202560756047882"
"Bentley#9318","769478096763617280","0x00abe58e50868efe39c2169114025a2ced97415f84abe7bdf4d3ef38de95da76","https://discord.com/channels/754739461707006013/938531467716337714/959200728625348668"
"halzen627#0977","803873071261155338","0x0863e7bf3da281c8c5e814bc9ecbd960984bf54669df99ff8e48f60725ca0c30","https://discord.com/channels/754739461707006013/938531467716337714/959201491573428295"
"Xfile#6159","148786249069625344","0x0740d75d4883057d1e2179d5baf855fe8b4ae166c4eb5c00094eab6cd9dfed92","https://discord.com/channels/754739461707006013/938531467716337714/959201350925815859"
"swynes#2741","580110441574039598","0x1949b151b6f2931baae27d95f51b0142b9f1c7c1b02beb74fada69b7c68f8d02","https://discord.com/channels/754739461707006013/938531467716337714/959201276846026802"
"adrq#1364","361188543177162764","0x18533fa74aff65171f2a65eb31697d701cd168ece713ad2413b32e65da472956","https://discord.com/channels/754739461707006013/938531467716337714/959200338324357150"
"experience#2376","243828202538008576","0x17fc16341fdf6b9634a838b2439991120f6fa7cba515f6bdcc14e972db94b91f","https://discord.com/channels/754739461707006013/938531467716337714/959200819390066698"
"jh#1153","285504943081914370","0x2d05992c26ef1c8d9d3ae88b2a757d8d126d99333c335f2f14c220e729befc3e","https://discord.com/channels/754739461707006013/938531467716337714/959200772657139722"
"Justin Bram#3452","490630609383718922","0x0684091f95659b7303072f9d115ad4250c6272308a5423fb03207ca1e8aab915","https://discord.com/channels/754739461707006013/938531467716337714/959200765799448626"
"mike8848#8848","727906982186713099","0x2067463f8508b4cd749f7fb81b44481d649918b04d1dbeccc9afd660c14b4da3","https://discord.com/channels/754739461707006013/938531467716337714/959200681040953354"
"Dani Bom#2050","377034367446548480","0x2073edb1a731bd17c5c3185e52c669e1f9e9937cbaa457e1a389cc0b6a467719","https://discord.com/channels/754739461707006013/938531467716337714/959200661797478410"
"t_sgolka#8996","877963732561588307","0x23ae10cf4135930c82bf058de21535ded77b673a86937a63a2cbb653c49b208e","https://discord.com/channels/754739461707006013/938531467716337714/959200567035588719"
"blockchainisfuture#1432","418278183431831552","0x0b22681ae3fb4cac852ef4bc742acb3700002472773ef5c2d35dbee9fd624686","https://discord.com/channels/754739461707006013/938531467716337714/959200547787923486"
"Re‚Äôem ◊®◊ê◊ù Â§ßÂÖ¨Áæä#7665","575491332345298963","0x1cbd3d6bd8dee1b499ddc7b944885afcbe69e5ce81b4e10a63c15b715d66e131","https://discord.com/channels/754739461707006013/938531467716337714/959200528598986782"
"vendi#4939","849303506115362839","0x1803597d85565a2d48aac4df3c18263a4d0e76a8fbb423a451e3f1f9e9fa729d","https://discord.com/channels/754739461707006013/938531467716337714/959200313636716615"
"memento7mori#3794","818854410448273409","0x2ec3a732a70d7da998b3dcd58c4b6eac6ded1cfa96f0bab74762e479d15a23cb","https://discord.com/channels/754739461707006013/938531467716337714/959200404556640256"
"0xMitz#2837","192567167613403137","0x025d4efd8ad5e500ade2dce8537fe9586167cb2639770a405c1bd0ec3ecc21f4","https://discord.com/channels/754739461707006013/938531467716337714/959200372109508618"
"hzlkmp#2781","783032768941522976","0x0fae55120096e9910adcc8bf86ff2f69809d7a2a4d40d552f74276a4d76f62ab","https://discord.com/channels/754739461707006013/938531467716337714/959200332796264498"
"Andrey Bezruk#4107","754256248114774058","0x11bef0cdddcce34c769c9113fa09534e6fd1985cd8147d76c6c2c36decc29ca3","https://discord.com/channels/754739461707006013/938531467716337714/959199127613370368"
"ashh#0001","806994198187475025","0x0184c92dd2a7eb52979681176c2c9340f37f1ff29f0524d757ee683cbd7b06b2","https://discord.com/channels/754739461707006013/938531467716337714/959198853079380009"